GS-101,SINGLE BURNER STOVE SILVER,134.9,134.9
GS-102,SINGLE BURNER STOVE GOLD,134.9,134.9
GS-201,DOUBLE BURNER STOVE SILVER,134.9,134.9
RC-101,1L-350W-5CUP,134.9,149.25
RC-151,1.5L-500W-8CUP,134.9,149.25
RC-181,1.8L-700W-10CUP,134.9,149.25
RC-221,2.2L-900W-12CUP,134.9,149.25
FI351,FLAT IRON,134.9,144.7
AWF-16-40A,WALL FAN,134.9,168.85
ADF-12-30,DESK FAN,134.9,134.9
BD-301,BLENDER 2.2L SMALL,134.9,116.2
BD-302,BLENDER 2.2L BIG,132,174
EN471,VEST,134.9,134.9
10300,BAR CODE STICKER WHITE,134.9,172.3
13020,BARCODE THERMAL PAPER,134.9,137.2
55500,PAINT ROLLER SMALL,134.9,134.9
BF888S,PORTABLE TWO WAY RADIO VHF/UFF FM TRANSCEIVER,134.9,155.25
S0303,S/S FRUIT RACK 3 LAYER,109,212
70001,BABY WIPES SCENTED,134.9,81.4
70002,WET WIPES,134.9,78.3
70003,WET WIPES SCENTED,134.9,81.4
20081,081 10L WATER JUG W/ FAUCET,134.9,180.7
20082,082 2L  WATER JUG,134.9,183.9
20083,083 1.2L WATER JUG,134.9,143.6
20085,085 6.5L WATER JUG W/ FAUCET,134.9,134.9
20086,086 3L WATER JUG W/ FAUCET,134.9,179.85
20088,088 21L WATER JUG,134.9,148.4
60091,0091 SMALL WATER JUG,134.9,88.6
60100,0100 BIG WATER JUG,127,167
22011,2011 SMALL COOL JUG SQUARE,134.9,134.9
58801,OPL-12L PORTABLE CAR WASHER,134.9,179.6
58802,22L-01 POWER PUMP PRESSURE WASHER,134.9,111.65
74575,45x75CM KITCHEN WALL COVER,134.9,148.45
76090,60x90CM KITCHEN WALL COVER,134.9,192.8
82720,27x20 STAINLESS TRAY,134.9,134.9
83222,32x22 STAINLESS TRAY,134.9,134.9
83627,36x27 STAINLESS TRAY,134.9,134.9
MK7001,BAG PACK,134.9,131.7
MK7002,BAG PACK GRAY,134.9,113.3
MK7003,BAG PACK SINGLE STRAP,134.9,147.3
MK7004,BAG PACK,134.9,143.65
MK7005,BAG PACK,134.9,129.8
MK7006,MESSENGER BAG,134.9,127.45
60003,3047 TRASH PAIL PLASTIC 51CM,115,130
68971,TRASH PAIL SMALL,129,146
60004,TRASH PAIL W/ COVER,134.9,124.65
63520,520 TRASH PAIL W/ DESIGN,134.9,160.7
YO1,"27""X54""BATH TOWEL PLAIN W/ DESIGN",134.9,95.65
YO2,"27""X54""BATH TOWEL PLAIN SOFT",134.9,90.85
30101,SCARF,134.9,134.9
30447,HANDKERCHIEF STRIPE,134.9,134.9
30471,HANDKERCHIEF CHECKERED,134.9,134.9
30501,HANDHERCHIEF WHITE,134.9,134.9
BF022,FACE TOWEL WHITE 27X25CM,134.9,134.9
BTO4,FACE TOWEL WHITE 50X28CM,134.9,93.4
GF07,FACE TOWEL CHECKERED LINE 30X30CM,114,129
GF08,FACE TOWEL STRIPE LINE 30X30CM,133,133
73030,2 PCS 15x30CM CAR TOWEL,134.9,158.35
73035,2 PCS 17.5x35CM CAR TOWEL,134.9,138
72071,HAND TOWEL 11x11 INCH,119,156
72072,HAND TOWEL 12x12 INCH,119,156
72073,HAND TOWEL 16x11x5 INCH,134.9,136.65
72074,HAND TOWEL 12x12 INCH,121,161
70150,"TOOTHPICK 12""S ROUND",134.9,134.9
70151,"TOOTHPICK 2""S",134,139
70152,"TOOTHPICK 2""S FLOWER OVAL",124,139
70153,"TOOTHPICK 12""S FLOWER",134.9,78.7
70154,TOOTHPICK 12'S ROUND,134.9,78.95
70155,TOOTHPICK 2'S FLOWER,130,145
70156,TOOTHPICK 2'S ROUND W/DESIGN,133,139
70157,TOOTHPICK 2'S ROUND,127,139
72477,TOOTHBRUSH,134.9,134.9
81019,6IN1 FOOD TONG STAINLESS,134.9,116
81009,9' CLASSIC FOOD TONG,134.9,74
81012,12' CLASSIC FOOD TONG,134.9,74
81014,14' CLASSIC FOOD TONG,134.9,74
82019,STAINLESS ICE TONG,134.9,134.9
81384,2 PCS PLASTIC FOOD TONG,127,152
81385,2 PCS PLASTIC FOOD TONG,116,152
81386,2 PCS PLASTIC FOOD TONG,128,152
72923,CLASSIC TOILET PUMP WOOD HANDLE,52,158
78012,TOILET PUMP RED,46,158
78013,TOILET PUMP RED BIG,56,163
78014,TOILET PUMP CLEAR,54,160
72837,TOILET PUMP VACUUM,52,158
H801,801 TISSUE,134.9,170.3
H802,802 TISSUE,134,178
H803,BATHROOM TISSUE,134.9,180.6
HC008B,SCENTED TISSUE,134.9,144.65
20060,LF60060-1 0.60L THERMOS,55,108
20160,LF60100-1 1.0L THERMOS,56,110
20180,LF60180-1 1.8L THERMOS,64,108
20168,UB168 2.2L THERMOS,71,156
20268,UB268 2.2L THERMOS,68,160
20211,211 1.0L THERMOS W/ CUP BIG,134.9,180.6
20221,221 1.0L THERMOS W/ CUP SMALL,134.9,115.4
20510,510 2.2L THERMOS,75,164
20516,516 2.2L PRINTED ALUMINUM THERMOS,76,142
20701,701 BOTTLE THERMOS 0.35L,134.9,180.6
20702,702  BOTTLE THERMOS 0.50L,134.9,180.6
20816,816 3.2L THERMOS,81,180
20817,817 3.2L THERMOS,79,176
22700,270 1.0L THERMOS,107,180
23303,3303.3.0L THERMOS,102,184
28116,2811 1.6 L THERMOS,112,184
28119,2811 1.9L THERMOS,134.9,180.6
68801,SY-8801 VACUUM  FLASK,134.9,158.5
69616,1.8 LITER THERMOS,90,182
69617,1.0 LITER THERMOS,76,184
80015,1.2 LITER VACUUM POT,134.9,180.6
79745,TABLE MAT RECTANGLE,134.9,118.45
GL6041,MANTEL ROSE W/ DESIGN 30M,134.9,148.05
GL6094,MANTEL ROSE FLORAL 30M,134.9,144.1
GL6117,MANTEL FRUIT 30M,134.9,139.95
GL6127,MANTEL BIG ROSE 30M,134.9,130.75
71101,TABLE CLOTH W/ FLORAL DESIGN 140x110cm ,134.9,129.3
71102,TABLE CLOTH W/ FLORAL DESIGN 140x140cm ,134.9,130
71103,TABLE CLOTH W/ FLORAL DESIGN 140x230cm ,132,133
71111,TABLE CLOTH FLOWER PLAIN 140x110cm ,134.9,149.35
71112,TABLE CLOTH FLOWER PLAIN 140x140cm ,134.9,149.35
71113,TABLE CLOTH FLOWER PLAIN 140x230cm ,134.9,149.35
71121,TABLE CLOTH LEAF PLAIN 140x110cm ,134.9,138.4
71122,TABLE CLOTH LEAF PLAIN 140x140cm ,134.9,138.4
71123,TABLE CLOTH LEAF PLAIN 140x230cm ,134.9,138.4
35002,40x80 RECTANGULAR FOLDING TABLE,134.9,108.15
35003,60x60 SQUARE FOLDING TABLE,134.9,101.2
74079,FOLDING TABLE W/ CHAIR,134.9,134.9
78080,STUDY TABLE,134.9,134.9
78081,STUDY TABLE W/ STAINLESS LINING,134.9,134.9
122A,2L GLASS RACK SQUARE,134.9,160.25
122B,2L TINTED GLASS RACK SQUARE,134.9,183.6
123A,3L GLASS RACK SQUARE,131,182
132A,2L GLASS RACK FLOWER,134.9,156.45
132B,2L TINTED GLASS RACK FLOWER,134.9,154.6
133A,3L GLASS RACK FLOWER,124,186
133B,3L TINTED GLASS RACK FLOWER,134.9,175.45
142B,2L TINTED GLASS RACK ROUND,134.9,147
143B,3L TINTED GLASS RACK ROUND,134.9,176.05
152B,2L TINTED GLASS RACK TRIANGLE,134.9,124.6
162A,2L GLASS RACK HEART,134.9,138.45
163A,3L GLASS RACK HEART,134.9,170
25501,NYLON NET SWING ,134.9,180.6
HK8058,8058 STROLLER W/ SOUND,134.9,101.2
81320,STAINLESS STRAINER SET 8/10/12CM,80,127
81322,STAINLESS STRAINER SET 12/14/16CM,49,122
77128,REGULATOR W/ TANK,134.9,134.9
77129,S/S GAS CONNECTION PIPE,134.9,117.55
77311,GAS CONNECTION HOSE,134.9,179.85
77312,GAS CONNECTION CLIP,134.9,134.9
72004,MINI BARBEQUE GRILL,125,128
72012,BARBEQUE GRILL,134.9,134.9
72013,BARBEQUE GRILL ROUND,134.9,134.9
72209,JY 2009 BARBEQUE OVEN ,134.9,134.9
77001,PORTABLE GAS STOVE,134.9,134.9
77002,ELECTRIC BARBEQUE GRILL,134.9,134.9
77003,ROUND MULTI TOASTER,108,144
77004,STOVE TOP GRILL,115,115
77006,PORTABLE GAS ROAST STOVE,129,70
77110,1010A ELECTRIC SINGLE HOT PLATE,134.9,101.2
77220,2020A ELECTRIC DOUBLE HOT PLATE,134.9,101.2
77310,SINGLE BURNER GAS STOVE,134.9,101.2
77320,DOUBLE BURNER GAS STOVE,134.9,101.2
77807,807 FLAME GUN,134.9,134.9
74261,FOLDABLE CLOTH STORAGE BOX,134.9,119.15
77081,3IN1 CHAIR STORAGE BOX,134.9,134.9
20128,4IN1 STOCK POT,134.9,96.45
20228,4IN1 STEAMER POT,134.9,134.9
20328,4IN1 STEAMER POT W/ DESIGN,134.9,134.9
20604,604' 3IN1 SOUP POT SMALL,134.9,134.9
20826,826' 3IN1 SOUP POT BIG,134.9,134.9
82228,4IN1 SHALLOW POT STAINLESS,134.9,105.2
82230,4IN1 STOCK POT W/ DESIGN,134.9,122.7
82430,4IN1 STOCK POT STAINLESS,134.9,125.25
82431,4IN1 STEAMER POT STAINLESS,134.9,108.1
85111,5IN1 STOCK POT STAINLESS,134.9,141.5
85112,5IN1 COLORED STOCK POT,134.9,112
71055,SPRAY BOTTLE,90,150
71058,SPRAY BOTTLE,93,150
71061,SPRAY BOTTLE,96,147
71065,SPRAY BOTTLE,84,147
92212,AT-1212C SOLAR LIGHTING SYSTEM,134.9,136.4
92358,1358 MULTIFUNCTION SOLAR LIGHTING SYSTEM AM/FM,134.9,136.7
92359,1359 MULTIFUNCTION SOLAR LIGHTING SYSTEM AM/FM,134.9,104.05
95017,5017 SOLAR LIGHTING SYSTEM,134.9,93.85
98006,8006 SOLAR  LIGHTING SYSTEM,134.9,92.4
98007,8007 SOLAR LIGHTING SYSTEM,134.9,134.9
98008,8008 SOLAR LIGHTING SYSTEM,134.9,108.2
98012,8012 SOLAR LIGHTING SYSTEM,134.9,160.2
98017,8017 SOLAR LIGHTING SYSTEM,134.9,94
98018,8018 SOLAR LIGHTING SYSTEM,134.9,129.75
98024,8024 SOLAR LIGHTING SYSTEM,134.9,134.9
98207,AT-0827 SOLAR LIGHTING SYSTEM,134.9,123.9
98365,8365 SOLAR LIGHTING SYSTEM,134.9,99.65
98890,AT-8890 SOLAR LIGHTING SYSTEM,134.9,134.9
70209,209 SOAP CASE,134.9,134.9
70210,SOAP CASE,134.9,180.6
77829,SOAP CASE W/ DESIGN,134.9,180.6
26001,KOJIC SOAP,134.9,134.9
26002,CARROT SOAP,134.9,134.9
26003,PAPAYA SOAP,134.9,134.9
26005,GLUTATHIONE SOAP,134.9,134.9
26006,2 IN 1 GLUTATHIONE SOAP,134.9,134.9
26007,LEMON SOAP,134.9,134.9
26008,GUAVA SOAP,134.9,134.9
26009,BLEACHING SOAP,134.9,134.9
73037,SHOWER CURTAIN 71x70 INCH,134.9,142.85
73316,SHOWER CURTAIN 70x69 INCH,134.9,149.7
73336,SHOWER CURTAIN 66x66 INCH,134.9,142.85
73612,SHOWER CURTAIN 70x67 INCH,134.9,141
73712,SHOWER CURTAIN 71x69 INCH,134.9,138.15
73027,SHOWER CURTAIN PLAIN 170x180c CM,134.9,142.5
73178,SHOWER CURTAIN 183x183 CM,100,169
73061,SHOWER CURTAIN COVERED RINGS 72x72 INCH,134.9,130.25
31003,C3 SHOE RACK,103,225
31004,C4 SHOE RACK,82,225
31005,C5 SHOE RACK,134.9,180.6
32004,4 LAYER SHOE RACK,134.9,180.6
74001,SHOE RACK 4 LAYER,134.9,168.85
74002,SHOE RACK 4 LAYER ,134.9,180.75
74003,SHOE RACK 4 LAYER,134.9,171.75
74004,SHOE RACK 4 LAYER,134.9,164.7
75001,SHOE RACK 5 LAYER,134.9,209.65
75002,SHOE RACK 5 LAYER,134.9,193.1
76014,4L SHOE RACK W/ COVER,134.9,137.55
78868,10 LAYERS AMAZING SHOE RACK,134.9,180.6
55780,SINGLE SHOE GLUE,134.9,134.9
55788,GLUE SET (RED),134.9,134.9
55779,GLUE SET (GREEN),106,185
70902,SEWING KIT,134.9,125.05
79010,10PC THREAD W/ NEEDLE SET,68,151
79011,NEEDLE SET,91,155
79012,ORDINARY SEWING KIT,134.9,134.9
79016,NEEDLE SET,78,131
79030,NEEDLE BOOK,134.9,116.95
PFS200,PLASTIC FILM SEALER 200,134.9,125
PFS300,PLASTIC FILM SEALER 300,134.9,119.5
PFS400,PLASTIC FILM SEALER 400,134.9,109.75
71224,BODY SCRUBBER SMALL 3'S,134.9,134.9
78281,BODY SCRUBBER ROUND SMALL,134.9,126.5
78282,BODY SCRUBBER LONG,126,180
76010,SMALL STEEL WOOL,116,178
76015,STEEL WOOL W/ DISHWASHING LIQUID,134.9,169.8
76016,STEEL WOOL BALL,134.9,172.2
76025,STEEL WOOL BIG,134.9,129
76080,FINE STEEL WOOL,129,185
76111,DISHWASHING SPONGE YELLOW&GREEN,134.9,127.25
76112,DISHWASHING SPONGE YELLOW&PINK,134.9,148.8
76113,DISHWASHING SCRUBBER SMALL,134.9,116.45
76114,DISHWASHING SCRUBBER BIG,134.9,180.6
76115,PLASTIC SCOUPER W/ SPONGE,134.9,172.2
76116,SCRUBBING PAD,134.9,180.6
H204,SCRUBBER,134.9,180.6
51166,31IN1 SCREWDRIVER SET SQUARE,134.9,156.25
51162,31IN1 SCREWDRIVER SET ROUND,134.9,134.9
52925,9PCS. ALLEN RINGS,134.9,134.9
52950,9PCS.DURABLE WRENCH TORX  KEY SET,134.9,134.9
52120,1O PCS.HEX KEY RING(ALLEN),134.9,134.9
52039,8IN1 SCREWDRIVER SET,134.9,134.9
51088,28PCS. SCREWDRIVER BIT SET,134.9,134.9
55400,40PCS. COMBINATION SOCKET WRENCH SET,134.9,134.9
55040,40PCS. SOCKET SET,134.9,76.9
82015,ICE CREAM SCOOPER,74,196
50024,KITCHEN SCISSOR W/ BOTTLE OPENER,77,146
81001,KITCHEN SCISSOR W/ BOTTLE OPENER,96,142
81005,"5.5"" SCISSOR SMALL",84,159
81006,KITCHEN SCISSOR,115,173
81024,BIG SENIOR CIVIL SCISSOR,116,156
81026,SMALL SENIOR CIVIL SCISSOR,133,151
81027,HAIR TRIMMING SET,134.9,150.5
81028,STAINLESS STEEL SCISSOR 2PCS,97,201
81029,MINI SCISSOR,94,193
81237,UTILITY SCISSOR,123,194
81680,KITCHEN SCISSOR CONCAVE HANDLE,134.9,180.6
81801,DB-8  2 PCS. COLORED HANDLE SCISSOR,81,194
81808,ALL PURPOSE SCISSOR,134.9,127.9
83106,DAGGER'S KNIFE,134.9,180.6
83110,BREAD KNIFE ,134.9,180.6
88108,"A108 SCISSOR 10""",134.9,180.6
H643,2 BLADES RAZOR,134.9,147.8
52003,180KG PERSONAL SCALE ,134.9,113.35
52005,5KG WEIGHING SCALE,134.9,175.1
52104,125KG BATHROOM SCALE BROWN,134.9,122.65
52105,5KG WEIGHING SCALE SMALL,128,115
52125,125KG HEALTH SCALE,134.9,118.05
52213,125KG BATHROOM SCALE BLUE,134.9,101.55
52247,180KG PERSONAL SCALE BIG,134.9,99.55
52500,50KG HANGING SCALE,134.9,134.9
52600,100KG HANGING SCALE,134.9,134.9
52034,40KG DIGITAL ELECTRIC SCALE,134.9,117.5
52035,40KG DIGITAL ELECTRIC SCALE,134.9,108.95
52100,10KG WEIGHING SCALE,134.9,177
52150,15KG WEIGHING SCALE,134.9,178.25
52200,20KG WEIGHING SCALE,134.9,171.55
54100,10KG FLAT WEIGHING SCALE,134.9,156.1
54150,15KG FLAT WEIGHING SCALE,134.9,156.9
54200,20KG FLAT WEIGHING SCALE,134.9,153.7
56092,"COMPAS SAW 16""",134.9,116.9
56233,STEEL SAW,124,117
56016,"WOOD SAW 16""",134.9,107.3
56018,"WOOD SAW 18""",134.9,107.3
56020,"WOOD SAW 20""",134.9,107.3
56022,"WOOD SAW 22""",134.9,107.3
56024,"WOOD SAW 24""",134.9,107.3
28008,ENERGY SAVING NET ,134.9,94.6
75204,SAKOBAG 14X13 INCH,134.9,174
75205,SAKOBAG 15X13 INCH,134.9,189.75
75206,SAKOBAG 18X16 INCH,134.9,194.75
75207,SAKOBAG 19X17 INCH,134.9,182.9
75208,SAKOBAG 21X19 INCH,134.9,198.45
75209,SAKOBAG 25X21 INCH,134.9,196.6
75210,SAKOBAG 27X23 INCH,134.9,207.45
13000,BIG RUBBER BALL,134.9,161.55
13001,SMALL RUBBER BALL,134.9,134.9
11300,RUBBER ANIMAL,134.9,169.5
11301,RUBBER ANIMAL  W/ SOUND,134.9,136.6
11302,RUBBER ANIMAL  W/ LIGHT & SOUND,134.9,123.8
20830,830 ROUND RICE BOWL W/SPATULA,134.9,112.55
20479,8479A SQUARE RICE BOWL W/SPATULA,134.9,113.95
20379,8379A SQUARE RICE BOWL W/SPATULA,134.9,76.25
23792,8379-2 SQUARE BOWL,134.9,77.5
24792,8479-2 SQUARE BOWL,134.9,83.45
2387,RAINBOOTS 4 KIDS,134.9,187.9
2388,RAINSHOES CHECKERED,134.9,144.6
10099,RAINCOAT W/ BACK REFLECTOR,134.9,143.7
10811,RAINCOAT CAMOUFLAGE,129,197
10871,RAINCOAT W/ FRONT&BACK REFLECTOR,134.9,135.5
10875,RAINCOAT 4 KIDS W/DESIGN,134.9,185.5
10885,POLY FINE RAINCOAT,134.9,176.95
10887,RAINCOATS 4 KIDS W/DESIGN,134.9,214.35
10890,RAINCOAT W/ ADJUSTABLE HOOD,134.9,176.75
10892, RAINCOAT W/ ATTACHED HOOD,134.9,196.5
10896,RAINCOATS 4 KIDS W/DESIGN,134.9,134.9
10901,THIN RAINCOAT W/REFLECTOR,134.9,132.6
10911,RAINCOAT W/ FRONT&BACK REFLECTOR,134.9,136.05
10912,RUBBERIZED RAINCOAT,134.9,207
72010,NEON NYLON THREAD RACKET,134.9,130.1
72712,NYLON THREAD RACKET W/ SHUTTLE COCK,134.9,114.3
72713,NYLON THREAD RACKET W/ 2PCS SHUTTLE COCK,134.9,134.9
72011,SHUTTLE COCK PLASTIC,134.9,88.6
72008,TABLE TENNIS RACKET W/ RUBBER HANDLE,134.9,105.45
71105,TABLE TENNIS RACKET W/ WOOD HANDLE,134.9,100.3
96202,200W POWER INVERTER,134.9,134.9
96655,500W POWER INVERTER,134.9,134.9
77125,KITCHEN MITTEN,134.9,134.9
81822,BOILING POT #A418 22CM,134.9,134.9
83818,#838 SOUP POT 18CM,134.9,134.9
84318,S/S CASSEROLE #A413 18CM,134.9,134.9
52163,VICE GRIP HOLDING PLIERS,134.9,134.9
20200,S/S PLATE 20CM,134.9,134.9
20220,S/S PLATE 22CM,134.9,134.9
20240,S/S PLATE 24CM,134.9,134.9
40803,PHOTO ALBUM 225MM X 280MM 10 SHEETS,134.9,134.9
40906,PHOTO ALBUM 180MM X 245MM 20 SHEETS,134.9,134.9
49079,PHOTO ALBUM 4X6 W/ BOX 80 SHEETS,134.9,134.9
49817,PHOTO ALBUM W/ MOSAIC 18X24.5CM 20 SHEETS,134.9,134.9
49821,PHOTO ALBUM W/ MOSAIC 22.5X28CM 20 SHEETS,134.9,134.9
51401,40MM SHORT PADLOCK,134.9,134.9
51502,50MM LONG PADLOCK,134.9,134.9
51525,"EARTH CIRCLE PADLOCK 15-25""",134.9,134.9
52030,"EARTH CIRCLE PADLOCK 20-30""",134.9,134.9
H060,60M PACKING TAPE CLEAR,134.9,134.9
H061,60M PACKING TAPE TAN,134.9,134.9
61500,ASSORTED MUG,134.9,67.45
72105,COTTON MOP SMALL,134.9,134.9
72204,SMALL ORDINARY MOP 350G,134.9,134.9
72605,COTTON MOP BIG,134.9,134.9
73300,ROUND MOP PLASTIC HANDLE,134.9,134.9
40007,TABLE MIRROR ROUND 20x20CM ,134.9,134.9
41030,HANGING MIRROR 30x90CM,134.9,134.9
41031,HANGING MIRROR 30x60CM,134.9,134.9
41033,8580 HANGING MIRROR 30x60CM,134.9,134.9
41045,8818 HANGING MIRROR WOOD FRAME 30x60CM,134.9,134.9
41047,8023 HANGING MIRROR 30x60CM,134.9,134.9
JW007,GEL INK PEN 0.5MM,134.9,134.9
JW128,SUPER GEL PEN 0.5MM,134.9,134.9
JW2015,GEL INK PEN,134.9,134.9
KC801,GEL SOFT PEN 0.38MM,134.9,134.9
83106,DAGGER KNIFE,134.9,180.6
83110,BREAD KNIFE,134.9,180.6
83111,STAINLESS STEEL  KNIFE 12'S,134.9,134.9
20298,SPOON MELAMINE PRINTED,134.9,134.9
72007,J20-07 6IN1 LADDLE SET COLORED,134.9,134.9
72017,J20-17 6IN1 LADDLE SET,134.9,134.9
80281,THIN SPOON 28S,134.9,134.9
88107,"""8107"" SERVING SPOON 6""S",134.9,134.9
88116,"""8116"" SERVING SPOON 6""S",134.9,134.9
70070,"3PCS KITCHEN UTENSIL ""WOOD""",134.9,248.85
JY2018,2018 RECHAREABLE  RACE CAR,134.9,134.9
JY20L8,20L8 RECHARGEABLE  POLICE CAR,134.9,134.9
JY2098,2098 RECHAREABLE  BIG CAR,134.9,134.9
83300,3.0L WHISTLING KETTLE,134.9,134.9
95101,12V FLAT IRON,134.9,103.45
95102,12V 3IN1 FLAT IRON,134.9,82.3
74313,IRONING BOARD BIG,134.9,134.9
90131,"131 FLY SWAT ""CIRCLES""",134.9,134.9
92088,VACUUM INSECT KILLER SMALL,134.9,134.9
92099,VACUUM INSECT KILLER BIG,134.9,134.9
28893,JINMA MOSQIUTO COIL,134.9,134.9
81114,ICE BUCKET 14CM,134.9,134.9
81116,ICE BUCKET 16CM,134.9,134.9
31010,GARDEN HOSE 10 FEET,134.9,134.9
31015,GARDEN HOSE 15 FEET,134.9,134.9
79050,3PCS SINGLE HOOK W/ DESIGN,134.9,134.9
20556,CLIP HANGER CLASSIC 35.5CM,134.9,134.9
72706,MULTI-FUNCTION 3 BLADES GRATER,134.9,134.9
72708,MULTI-FUNCTION PEELER ASSORTED,134.9,134.9
72709,MULTI-FUNCTION PEELER WOOD HANDLE,134.9,134.9
77007,VEGETABLE CUTTER SET,134.9,134.9
77216,VEGETABLE CHOPPERCHOPPER,134.9,134.9
80011,VEGETABLE GRATER SMALL,76,123
77341,734-1 HOUSEHOLD LATEX GLOVES,134.9,134.9
77342,734-2 HEAVY DUTY GLOVES,134.9,134.9
77343,734-3 HIGH QUALITY LATEX GLOVES,134.9,134.9
77344,734-4 NATURAL LATEX GLOVES,134.9,134.9
70783,RECTANGULAR TEMPERED BAKEWARE 2.0L,105,96
70784,RECTANGULAR TEMPERED BAKEWARE 1.5L,134.9,134.9
70942,RECTANGULAR TEMPERED BAKEWARE 1.8L,123,77
71063,RECTANGULAR TEMPERED BAKEWARE W/ HANDLE 1.8L,111,97
71702,TEMPERED BAKEWARE OVAL 2.5L,104,79
71703,TEMPERED BAKEWARE OVAL 1.8L,134.9,101.2
74129,TEMPERED GLASS CASSEROLE ROUND 1.7L,78,85
74214,TEMPERED GLASS CASSEROLE ROUND 2.5L,134.9,134.9
78016,TEMPERED GLASS TABLEWARE SQUARE 2.0L,134.9,134.9
78017,TEMPERED GLASS TABLEWARE SQUARE 1.5L,98,76
78094,RECTANGULAR TEMPERED BAKEWARE 2.6L,134.9,101.2
78095,RECTANGULAR TEMPERED CASSEROLE 3.0L,134.9,134.9
79153,OVAL TEMPERED CASSEROLE 3.0L,88,85
79163,OVAL TEMPERED CASSEROLE 3.5L,134.9,134.9
79170,TEMPERED BAKEWARE OVAL 3.3L,107,81
79185,OVAL TEMPERED CASSEROLE 1.6L,134.9,134.9
82115,GARLIC CRUSHER STEEL,82,185
73118,GARLIC CRUSHER PLASTIC,134.9,179.55
72823,WALNUT CLAMP/CRUSHER,134.9,134.9
77005,EGG FRYING PAN W/ DESIGN,134.9,80.15
HP6928,28CM NON-STICK WOK,134.9,134.9
HP6930,30CM CERAMIC WOK,134.9,134.9
82424,24CM NON-STICK GRILL PAN,134.9,134.9
82428,24X28CM NON-STICK GRILL PAN,134.9,136.55
82828,28X28CM NON-STICK GRILL PAN,134.9,131.6
85632,34CM NON-STICK FRYING PAN,134.9,55.15
91028,35CM THIN FRYING PAN DOUBLE HANDLE,134.9,134.9
91029,37CM THIN FRYING PAN DOUBLE HANDLE,134.9,134.9
91030,39CM THIN FRYING PAN DOUBLE HANDLE,134.9,134.9
41001,DOCUMENT FRAME 30.5x21.5CM,117,80
41002,DOCUMENT FRAME 32x23CM,81,77
41003,DOCUMENT FRAME 30.5x21.5CM,72,85
41004,DOCUMENT FRAME 33x24CM GOLD,70,80
41005,DOCUMENT FRAME 33x24CM GOLD,58,71
41006,DOCUMENT FRAME 36x27CM GOLD,57,67
41007,DOCUMENT FRAME 34.5x26CM,55,67
41008,DOCUMENT FRAME 33.5x24.5CM,67,76
41039,"PICTURE FRAME 3.5""x 5"" ",134.9,134.9
41040,"PICTURE FRAME 4""x 6"" ",134.9,134.9
41041,"PICTURE FRAME 5""x 7"" ",134.9,134.9
41042,"PICTURE FRAME 6""x 8"" ",134.9,134.9
41043,"PICTURE FRAME 8""x 10"" ",134.9,134.9
41050,HORIZONTAL CERTIFICATE FRAME,134.9,134.9
41051,VERTICAL CERTIFICATE FRAME,134.9,134.9
41052,HORIZONTAL CERTIFICATE FRAME,134.9,134.9
41053,HORIZONTAL CERTIFICATE FRAME ,134.9,134.9
41054,VERTICAL CERTIFICATE FRAME,134.9,134.9
23226,S/S FOOD WARMER RECTANGLE,134.9,134.9
23527,FOOD WARMER RECTANGLE W/ GLASS COVER,134.9,134.9
23030,FOOD WARMER ROUND,134.9,134.9
23024,FOOD WARMER SQUARE PLASTIC COVER,134.9,134.9
80001,4IN1 FOOD WARMER SET SQUARE STAINLESS,130,76
84001,FOOD WARMER STAINLESS SQUARE,134.9,71.9
84002,FOOD WARMER STAINLESS OVAL,111,58
84003,FOOD WARMER SQUARE W/ DESIGN,109,50
84004,FOOD WARMER OVAL W/ DESIGN,98,46
84005,FOOD WARMER SQUARE W/DESIGN & STAND,118,54
84006,FOOD WARMER OVAL W/DESIGN & STAND,113,47
84007,FOOD WARMER SQUARE W/CIRCLE GLASS COVER,96,41
81128,28CM STAINLESS FOOD WARMER ROUND,109,55
81130,30CM STAINLESS FOOD WARMER ROUND,96,50
81132,32CM STAINLESS FOOD WARMER ROUND,134.9,134.9
20377,FOOD WARMER PLASTIC,103,75
20231,FOOD KEEPER 16x11x8CM SQUARE,134.9,134.9
20245,FOOD KEEPER ROUND,134.9,134.9
20246,FOOD KEEPER ROUND,134.9,134.9
60163,FOOD KEEPER 3PCS RECTANGULAR,134.9,99.3
62016,FOOD KEEPER 3IN1 ROUND,92,111
62093,FOOD KEEPER 3IN1 OVAL,100,93
62305,FOOD KEEPER 4IN1 RECTANGULAR,88,100
62214,FOOD KEEPER 4IN1 ROUND,64,99
70088,GLASS FOOD KEEPER 5IN1,102,99
70188,GLASS FOOD KEEPER 5IN1 PRINTED,93,87
70288,"GLASS FOOD KEEPER 5IN1 W/DESIGN ( C,84,124
80021,FOOD KEEPER 5IN1 ALUMINUM,134.9,134.9
22003,FOLDING BED W/O SPRING POLY FINE,134.9,88.85
22004,FOLDING BED W/O SPRING NYLON STRIPES,134.9,89.1
22005,FOLDING BED W/ SPRING POLYFINE,134.9,62.65
30001,21X13INCH FLOOR MAT W/TASSLE,123,85
30002,21X13INCH FLOOR MAT STRIPES,114,78
30003,23X16INCH FLOOR MAT ANTI SLIP,116,79
30004,31X19INCH FLOOR MAT FOOT PRINT,119,76
30005,30X19 CHECKERED FLOOR MAT,116,69
30006,31X18 5LAYER STRIPE FLOOR MAT,108,65
30007,22X14 FRONT DOOR MAT,103,66
30008,23X15 FOOT PRINT MAT,98,64
30009,31X20 FLORAL DESIGN MAT,119,78
30010,31X19 FLOOR MAT 7 STRIPE,124,69
30013,BATH MAT ANTI SLIPPING,122,102
30014,BATH MAT DOLPHIN(ASSORTED DESIGN),131,75
30015,ANTI SLIPPING BATH MAT RECTANGLE BIG,102,57
30016,BATH MAT SHELL,95,55
30017,ANTI SLIPPING BATH MAT FOOT PRINT,114,78
30018,ANTI SLIPPING BATH MAT SMALL,132,78
30019,BATH MAT FOOT PRINT,122,67
23036,FLEXIMAT SINGLE 36x80,134.9,129
23054,FLEXIMAT SEMI SUPER 54x80,134.9,129
23060,FLEXIMAT SUPER 60x80,134.9,129
23072,FLEXIMAT PRINCE 72x80,134.9,129
23090,FLEXIMAT DOUBLE 90x80,134.9,129
23100,FLEXIMAT FAMILY 100x80,134.9,129
78888,SOLAR FLASHLIGHT,54,108
98216,GD-216S HEAD LIGHT BIG,134.9,134.9
JY9986,RECHARGEABLE LED TORCH,134.9,179.85
73830,FIBER DUSTER,73,121
73850,ADJUSTABLE FIBER DUSTER,82,100
78179,FEEDING BOTTLE 300ML,91,127
78278,FEEDING BOTTLE 120ML,103,127
28001,PLASTIC FAUCET WHITE/BLUE,90,84
28002,PLASTIC FAUCET BLUE/WHITE,90,84
52417,S/S FAUCET,134.9,68.75
52418,S/S FAUCET,134.9,68.75
52419,S/S FAUCET,134.9,134.9
53420,S/S FAUCET,100,182
53422,S/S FAUCET,85,181
53423,S/S FAUCET,88,172
53425,S/S FAUCET,94,168
53426,S/S FAUCET,85,163
53428,S/S FAUCET,93,164
YR400,COOLING FAN,72,113
20700,MINI FAN 700MM,134.9,134.9
92201,FAN LADY BUG 18 CM 12V,67,114
92202,SOLAR ELECTRIC FAN 426 12V,61,105
92203,SOLAR ELECTRIC FAN SMALL 16 12V,114,84
92204,ELECTRIC FAN 10 12V,81,90
92205,ELECTRIC FAN 16 12V,57,96
99504,FC-5004 ELECTRIC FAN,134.9,134.9
80800,DUST PAN STAINLESS 68CM,106,197
90861,DOORBELL,134.9,196.5
99681,DOORBELL(BATTERY OPERATED),134.9,165.7
55588,DOOR KNOB,134.9,134.9
55791,DOOR KNOB ROUND,134.9,134.9
81989,CUTTER W/ PENTEL PEN,134.9,134.9
81017,CUTTER SET 2PC,132,205
81113,CUTTER W/ SCISSOR,134.9,89.75
81334,3 PCS CUTTER  (S),134.9,188.3
81220,3 PCS CUTTER (M),134.9,175.75
81209,2PCS CUTTER W/BLADE,134.9,179.85
86898,1PC. ADVANCED CUTTER,134.9,134.9
76001,COTTON BUDS WAVE SHAPE,134.9,107.15
76002,COTTON BUDS STAR SHAPE,134.9,112.95
76003,COTTON BUDS HEART SHAPE SMALL,134.9,118.55
76004,COTTON BUDS ROUND SHAPE SMALL,134.9,110.5
76005,COTTON BUDS FLEXIBLE SWABS,134.9,140.1
76006,COTTON BUDS ROUND,134.9,115.4
76007,COTTON BUDS HEART SHAPE BIG,134.9,128.3
76008,COTTON BUDS ROUND SHAPE,134.9,114
76009,COTTON BUDS WOOD,134.9,148.3
85016,16CM S/S COOLING RACK,134.9,134.9
85018,18CM S/S COOLING RACK,134.9,134.9
85020,20CM S/S COOLING RACK,134.9,134.9
70167,COOLING RACK (WOOD),134.9,134.9
41701,COMB POINTED NEON COLOR,134.9,124.75
42701,POINTED COMB,134.9,109.3
42202,LICE COMB,134.9,104.15
42402,LICE COMB W/HANDLE,134.9,136.75
42033,POCKET COMB,134.9,131.3
42035,SMALL FASHIONABLE COMB SET,134.9,124.1
42037,4IN1 FASHIONABLE COMB SET,134.9,133.95
42038,4IN1 FASHIONABLE COMB SET,134.9,126.85
42011,COMB W/O HANDLE,134.9,125.65
42012,COMB W/ LINE HANDLE,134.9,132
42013,COMB W/ CLASSIC HANDLE,134.9,149.65
42015,COMB W/ 3 HOLE HANDLE,134.9,126.55
42016,COMB W/ CURVED HANDLE,134.9,137.65
42009,COMB W/DESIGNED HANDLE NEON,134.9,128.25
74007,COAT RACK 5'8 HEIGHT,134.9,193.5
76801,SINGLE POLE CLOTH HANGER,134.9,170.05
76802,DOUBLE POLE CLOTH HANGER,134.9,126.95
70065,BAMBOO CLOTH CLIP 20'S BIG,121,129
70066,BAMBOO CLOTH CLIP 20'S,127,138
20102B,102 B CLIP B,134.9,134.9
20103B,102 B CLIP B,134.9,134.9
20737B,737 B JUMBO CLIP,134.9,134.9
23212,102-12 JUMBO CLIP,134.9,134.9
23712,787-12 JUMBO CLIP,134.9,134.9
70181,CLOTH CLIP 48'S,134.9,134.9
70059,CLOTH CLIP 20S',134.9,134.9
70018,CLOTH CLIP  20'S,134.9,134.9
70820,CLOTH CLIP BIG 20'S NEON,134.9,134.9
72328,CHOPPING BOARD THICK COLORED,124,178
72337,WHITE CHOPPING BOARD THIN 23x37,134.9,134.9
74025,WHITE CHOPPING BOARD THIN 40x25,134.9,134.9
74327,WHITE CHOPPING BOARD THIN 43x27,134.9,134.9
78116,"COLOURED CHOPPING BOARD THICK ""M",134.9,134.9
78117,"COLOURED CHOPPING BOARD THICK ""L",134.9,134.9
78802,CHOPPING BOARD THIN 34x23.5CM,134.9,87.7
78896,CHOPPING BOARD W/KNIFE RECTANGLE,134.9,95
78906,CHOPPING BOARD WHITE 42x29CM,134.9,123.5
78949,CHOPPING BOARD W/ KNIFE,134.9,96.8
79041,"CUTTING BOARD COLORED ""FRUIT""",134.9,134.9
70701,CHILDRENS CHAIR,134.9,170.6
95504,DIGITAL VIDEO RECORDER DIY 4 CHANNEL,134.9,134.9
95501,WIRELESS IP CAMERA (P2P) A6040,134.9,134.9
95502,WIRELESS IP CAMERA (P2P) B6650,134.9,134.9
50125,12.5CM CASH BOX,134.9,134.9
50015,15CM CASH BOX,134.9,134.9
50025,25CM CASH BOX,134.9,134.9
50030,30CM CASH BOX,134.9,134.9
AB118AB,ELECTRONIC MONEY DETECTOR,125,159
KK68A,CALCULATING & NOTE CHECKING MACHINE,134.9,101.8
UV318,MONEY DETECTOR,134.9,126.1
50009,30 BGX-M/D SAFETY DEPOSIT BOX,134.9,101.85
50012,45 BGX-M/D SAFETY DEPOSIT BOX,134.9,134.9
11168,6X8M NYLON CAR COVER,134.9,100.4
11810,8X10 NYLON CAR COVER,134.9,100.4
11812,8X12NYLON CAR COVER,134.9,100.4
11814,8X14 NYLON CAR COVER,134.9,100.4
11816,8X16NYLON CAR COVER,134.9,100.4
11818,8X18 NYLON CAR COVER,134.9,100.4
11820,8X20NYLON CAR COVER,134.9,100.4
11822,8X20NYLON CAR COVER,134.9,100.4
60005,MILK CANISTER 4 LAYER,117,158
60016,CANISTER 6IN1,134.9,139.85
66201,201-1 SPICE HOLDER,134.9,134.9
66401,401-1 SPICE HOLDER,134.9,134.9
72861,CAN OPENER COLORED HANDLE,134.9,76.8
80012,CAN OPENER,96,185
81031,6654-4 CORKSCREW,134.9,134.9
81206,6654-10 S/S CORKSCREW,134.9,134.9
83117,KEY TYPE BOTTLE & CAN OPENER,77,174
83118,CLASSIC CAN OPENER,71,177
86014,BOTTLE & CAN OPENER,134.9,134.9
2272,ELECTRONIC CALCULATOR,108,153
2270,ELECTRONIC CALCULATOR,92,145
837,ELECTRONIC CALCULATOR,101,150
53100,NYLON CABLE TIES 2.5x100MM,134.9,134.9
53150,NYLON CABLE TIES 3.6x150MM,134.9,134.9
90001,COAXIAL CABLE WIRE 100MM,134.9,134.9
90004,"RED/BLACK HOOKUP WIRE 12VDC 2x1""",134.9,134.9
90008,RG58  SMA ANTENNA CONNECTOR,134.9,134.9
603,DISH CABINET W/PLATE HOLDER,116,157
604,DRAWER CLOSET 4DOOR 2LAYER,134.9,134.9
34004,CLOTH CABINET 99553,134.9,141.55
34005,CLOTH CABINET BS-125,134.9,136.8
34007,CLOTH CABINET 1626,114,174
34008,CLOTH CABINET BS-155,134.9,126
34010,CLOTH CABINET 80A,134.9,127.1
77088,CLOTH CABINET,130,213
135C,CLOTH CABINET,134.9,139.05
3A,TABLE RACK 3LAYER,134.9,157.2
3A2,S/S GLASS RACK 3L 53x18x35CM,134.9,134.9
3D4,DRAWER CABINET 4DOOR 2LAYER,134.9,155.75
3H4+1,DRAWER CABINET 5DOOR 2LAYER,134.9,134.9
3H4+2,DRAWER CABINET,134.9,134.9
4A,TABLE RACK 25x19x18CM ,134.9,134.9
4A2,S/S RACK CLOSET 4L 2 DOOR,134.9,134.9
4D6,DRAWER CABINET 6DOOR 3LAYER,108,156
5D8,DRAWER CABINET 8DOOR 4LAYER,99,156
90777,REMOTE LIGHT SWITCH,134.9,134.9
91036,LED RECHARGEABLE TUBE 5W,134.9,107.15
91040,LED TUBE LIGHT 7W,134.9,85.8
91501,DISCO BULB W/ INVERTER 6HZ 12V,124,120
91502,DISCO BULB 220V,105,114
91503,LED BULB W/ COLOR 3W,134.9,134.9
91533,SFLS-5636 LED STRIP 12V-33CM,134.9,134.9
91603,LED BULB 3W,134.9,134.9
91605,LED BULB 5W,134.9,134.9
91803,OSONI LED BULB 3W,134.9,134.9
91805,OSONI LED BULB 5W,134.9,134.9
91807,OSONI LED BULB 7W,134.9,134.9
91809,OSONI LED BULB 9W,134.9,134.9
91812,OSONI LED BULB 12W,134.9,134.9
91820,LED STREET LIGHT,134.9,134.9
92268,SOLAR FLASHLIGHT BULB,134.9,134.9
70718,PUSH BRUSH 3 COLORS,134.9,134.9
30152,TOILET BRUSH DOUBLE SIDED W/ WHITE,134.9,134.9
70021,CLOTH BRUSH ORDINARY,134.9,179.85
70022,PUSH BRUSH  SMALL,134.9,134.9
70029,CLOTH BRUSH,134.9,134.9
70888,PUSH BRUSH PLASTIC,134.9,134.9
72235,PUSH BRUSH W/ DESIGN 116CM,134.9,134.9
72920,ROUND TOILET BRUSH (WOOD HANDLE),134.9,134.9
72925,RECTANGULAR TOILET BRUSH (WOOD HANDLE),134.9,179.85
72926,ROUND TOILET BRUSH (WOOD HANDLE),134.9,134.9
78132,IA881 RECTANGULAR TOILET BRUSH,134.9,134.9
78133,A17 ROUND TOILET BRUSH,134.9,179.85
78730,BIG PUSH BRUSH RED,134.9,134.9
70092,BROOM W/ CURVED DUSTPAN,134.9,131.1
70095, BROOM W/ DUSTPAN,74,138
70096,BROOM W/ CURVED DUSTPAN,63,138
70097, BROOM W/ DUSTPAN WH,79,152
70098,BROOM W/ DUSTPAN SMALL,83,139
70099,BROOM W/ DUSTPAN,80,152
70100,BROOM W/ DUSTPAN,70,161
70213,3 COLOR BROOM 123CM,112,137
70229,5 COLOR BROOM 117CM,112,148
70315,1 COLOR BROOM 117CM,127,157
70316,1 COLOR BROOM W/ ADJUSTABLE HANDLE,134.9,142.4
70501,BROOM W/ DUSTPAN,82,153
72820,BROOM W/ DESIGN,134.9,149.65
73239,BROOM MATTE,125,167
73873,BROOM W/ FLOWER DESIGN,134.9,157.7
73883,BROOM,92,151
78801,3 COLOR BROOM SMALL,107,149
78808,SCALLOP BROOM,115,157
43005,WHITE BOARD W/ DESIGN 20X30,134.9,134.9
43006,WHITE BOARD W/ DESIGN 35X25,134.9,63.4
43007,WHITE BOARD W/ DESIGN 30X40,134.9,60.9
43008,WHITE BOARD W/ DESIGN 35X40,134.9,101.2
30152,COTTON BLANKET,134.9,134.9
30182,COTTON BLANKET 18x2.2,134.9,134.9
92050,"YT050-12"" BICYCLE",134.9,134.9
50077,GOGO BATTERY 2A,134.9,128.7
50078,KINGEVER BATTERY 2A,134.9,121.6
50088,GOGO BATTERY 3A,134.9,138.6
50099,GOGO BATTERY 1A,134.9,150.95
90007,RECHARGEABLE BATTERY 12V7AH,134.9,134.9
97012, RECHARGEABLE BATTERY 12V12AH,134.9,93.4
97017, RECHARGEABLE BATTERY 12V17AH,134.9,101.2
97024, RECHARGEABLE BATTERY 12V24AH,134,105
97040, RECHARGEABLE BATTERY 12V40AH,134.9,118.4
97055, RECHARGEABLE BATTERY 12V55AH,128,132
97065, RECHARGEABLE BATTERY 12V65AH,134.9,81.45
97100, RECHARGEABLE BATTERY 12V100AH,134.9,99.3
97120, RECHARGEABLE BATTERY 12V120AH,134.9,87.2
97150, RECHARGEABLE BATTERY 12V150AH,134.9,87.5
97200, RECHARGEABLE BATTERY 12V200AH,134.9,63.1
97270, RECHARGEABLE BATTERY 12V1270AH,134.9,95.4
97640,GD-640 6V 4.0AH,132,105
97645,GD-645 6V 4.0AH,134,105
29000,SHOPPING BASKET,134.9,112.65
63415,4-15 SMALL BASKET,134.9,134.9
63416,4-15 SOAP BASKET,134.9,116.95
20340,S/S BASIN 34CM,134.9,134.9
20360,S/S BASIN 36CM,134.9,134.9
20380,S/S BASIN 38CM,134.9,134.9
20420,S/S BASIN 42CM,134.9,134.9
79005,PLASTIC BASIN,134.9,134.9
10016,VOLLEYBALL,134.9,135.75
10030,"BASKETBALL 3""",134.9,135.9
10050,BASKETBALL HELPFULLNESS,134.9,132.35
10060,BASKETBALL HELPFULLNESS RAINBOW,134.9,133.95
10075,BASKETBALL CLASSIC 7'' B-7,134.9,133.25
10095,BASKETBALL CLASSIC AOYUNTE,134.9,140
10133,BASKETBAL CITADEL-8800,107,120
10168,BASKETBALL PVC,111,112
10188,BASKETBALL ASTON XL-1000,112,124
10205,BASKETBALL ASTON 4000,112,119
55407,80MM CLASSIC WOOD AX,134.9,125.2
55408,75MM WOOD AX,132,128
25001,ANTENNA 10M,106,296
25002,ANTENNA 15M,106,337
25003,ANTENNA 20M,106,356
59068,COAXIAL INDOOR TV ANTENNA SMALL,134.9,118.55
59618,COAXIAL INDOOR TV ANTENNA BIG,134.9,118.55
55320,AB320 CLASSIC HAND PUMP,134.9,214.3
55730,SMALL CLASSIC FOOT PUMP,134.9,252.8
52004,BIG CLASSIC FOOOT PUMP,134.9,189.75
59001,FOOT PUMP W/ TANK & GAUGE,134.9,153.9
59007,FOOT PUMP W/ TANK,134.9,139.5
55030,SMALL HAND PUMP COLORED,130,206
55038,FOOT PUMP W/ TANK & GAUGE COLORED,134.9,150.45
55056,SMALL FOOT PUMP COLORED,134.9,134.9
59809,9809 AIR PUMP W/ TANK & GAUGE,104,234
59054,4554L AIR PUMP,134.9,134.9
GS-101,SINGLE BURNER STOVE SILVER,134.9,134.9
GS-102,SINGLE BURNER STOVE GOLD,134.9,134.9
GS-201,DOUBLE BURNER STOVE SILVER,134.9,134.9
RC-101,1L-350W-5CUP,134.9,149.25
RC-151,1.5L-500W-8CUP,134.9,149.25
RC-181,1.8L-700W-10CUP,134.9,149.25
RC-221,2.2L-900W-12CUP,134.9,149.25
FI351,FLAT IRON,134.9,144.7
AWF-16-40A,WALL FAN,134.9,168.85
ADF-12-30,DESK FAN,134.9,134.9
BD-301,BLENDER 2.2L SMALL,134.9,116.2
BD-302,BLENDER 2.2L BIG,132,174
EN471,VEST,134.9,134.9
10300,BAR CODE STICKER WHITE,134.9,172.3
13020,BARCODE THERMAL PAPER,134.9,137.2
55500,PAINT ROLLER SMALL,134.9,134.9
BF888S,PORTABLE TWO WAY RADIO VHF/UFF FM TRANSCEIVER,134.9,155.25
S0303,S/S FRUIT RACK 3 LAYER,109,212
70001,BABY WIPES SCENTED,134.9,81.4
70002,WET WIPES,134.9,78.3
70003,WET WIPES SCENTED,134.9,81.4
20081,081 10L WATER JUG W/ FAUCET,134.9,180.7
20082,082 2L  WATER JUG,134.9,183.9
20083,083 1.2L WATER JUG,134.9,143.6
20085,085 6.5L WATER JUG W/ FAUCET,134.9,134.9
20086,086 3L WATER JUG W/ FAUCET,134.9,179.85
20088,088 21L WATER JUG,134.9,148.4
60091,0091 SMALL WATER JUG,134.9,88.6
60100,0100 BIG WATER JUG,127,167
22011,2011 SMALL COOL JUG SQUARE,134.9,134.9
