ASF-16-401,"STAND FAN ""16"
ASF-18-45I,"STAND FAN ""18"
13219,THERMAL
37001,UMBRELLA
55795,GUN TACKER
90009,E27 LED BULB HOLDER
90888,ICE SMASHER
B006,BAR CODE PRINTER
BLR01,BOLSTER
ET3610,TIME CARD MACHINE
JM6700T,GENERATOR
PW001,SQUARE PILLOW
UF-021,MINI USB FAN
20188,5IN1 WATER JUG
20092,092 3L WATER JUG
20093,093 1L WATER JUG
22010,2010 BIG COOL JUG SQUARE
60009,"""8009"" 8.5INCH WATER BOTTLE W/ COLORED LID & GRIP"
60601,601D WATER BOTTLE
60611,601C WATER BOTTLE
60615,615A WATER BOTTLE
60931,"931 4.5"" WATER BOTTLE W/ STRAW"
61012,"""1012"" 7"" WATER BOTTLE CLEAR W/ DESIGN"
61017,"""1017"" 6.5"" WATER BOTTLE CLEAR W/ DESIGN"
63001,143M504 PRINTED BOTTLE STARBUCKS 430ML
63002,143M522 BOTTLE HELLO KITTY 430ML
63003,BT143M504 BOTTLE W/ STARBUCKS HOLDER 430ML
63004,181M522 BOTTLE HELLO KITTY 300ML
63005,181M522A TEMPERED BOTTLE HELLO KITTY 300ML
63007,181M504 CLEAR BOTTLE STARBUCKS 300ML
63008,143M522A TEMPERED BOTTLE HELLO KITTY 430ML
63009,BT181M504 BOTTLE W/ STARBUCKS HOLDER 300ML
63021,3021 WATER BOTTLE W/ DESIGN HOLDER 300ML
63022,3022 WATER BOTTLE W/ DESIGN HOLDER 430ML
63031,3031 WATER BOTTLE PRINTED 300ML
63032,3032 WATER BOTTLE PRINTED 430ML
69912,"9912 5.5"" WATER BOTTLE W/ CUP LID"
69913,"9913 7"" WATER BOTTLE W/ CUP LID"
69915,TUMBLER W/CUP 18CM
71006,SHOT GLASS
66901,GLASS 6IN1 GREEN FLOWER 6CM
HK1006,1006 TRICYCLE W/ HEAD LIGHT
HK1100,TRICYCLE W /HORN
HK2002,#2002 TRICYCLE
HK2003,#2003 TRICYCLE
HK2016,TRICYCLE W/ TRUNK (FASHION)
HK211,B2-1 TRICYCLE
HK221,A2-2 TRICYCLE W/ COLORED WHEELS
HK510,TRICYCLE
HK513,TRICYCLE
HK616,TRICYCLE CLASSIC 
HK6688,TRICYCLE
HK815,TRICYCLE
SBL3107,3107FP TRICYCLE W/ HOOD
SBL3301,3301CP TRICYCLE
HK820,820 TRICYCLE
HK666,666 TRICYCLE
HK2004,2004 TRICYCLE
83040,30x40 STAINLESS TRAY
80002,S/S ASH TRAY
62667,667 PLASTIC STORAGE TRAY
62668,668 PLASTIC STORAGE TRAY
62669,669 PLASTIC STORAGE TRAY
GB1008,"""KABANA"" HAND BAG"
GB1009,"""KABANA"" LEATHER HAND BAG"
60032,032 PLASTIC TRASH PAIL
,ORDINARY BATH TOWEL PLAIN
,ORDINARY BATH TOWEL W/ DESIGN
6046,#6046 PLAIN TOWEL
6060,#6060 PAIN TOWEL
6070,#6070 PLAIN TOWEL
6073,#6073 PLAIN TOWEL
6032,#6032 STRIPE TOWEL
6039,#6039 STRIPE TOWEL
6009,#6009 TOWEL
6029,#6029 TOWEL
74880,43x32 CM SYNTHETIC CHAMOIS
74881,40x30 CM SYNTHETIC CHAMOIS
74882,43x32x0.2CM SYNTHETIC CHAMOIS
74883,43x32 CM COLOURED SYNTHETIC CHAMOIS 
74885,66x43 CM COLOURED SYNTHETIC CHAMOIS 
E316,SAN-A TOOTHBRUSH
20968,968 2.2L THERMOS
20818,818 3.2L THERMOS
20901,V901 2L THERMOS
20902,V902 2L THERMOS
20903,V903 2L THERMOS
20906,V906 2L THERMOS
20909,V909 2L THERMOS
22163,216 1.3L VACUUM FLASK
22190,219 1.OL THERMOS
28570,2857 1.0L THERMOS
28573,2857 1.3L THERMOS
28576,2857 1.6L THERMOS
28579,2857 1.9L THERMOS
30320,TARPULIN 32KG
30400,TARPULIN 40KG
30333,MANTEL 30M
GL6086,MANTEL ROSE CHECKERED 30M
35001,40x60 RECTANGULAR FOLDING TABLE
35004,50x70 RECTANGULAR FOLDING TABLE
35005,50x80 RECTANGULAR FOLDING  TABLE
35006,60x80 RECTANGULAR FOLDING TABLE
35007,70x70 SQUARE FOLDING  TABLE
35008,80x80 SQUARE FOLDING TABLE
35009,60x90 RECTANGULAR FOLDING TABLE
35010,90x90 SQUARE FOLDING  TABLE
35011,60x120 RECTANGULAR FOLDING TABLE
35012,90x90 ROUND FOLDING TABLE
35600,60x60 FOLDABLE TABLE
35700,70x70 FOLDABLE TABLE
35800,80x80 FOLDABLE TABLE
78082,STUDY TABLE GLASS
123B,3L TINTED GLASS RACK SQUARE
142A,2L GLASS RACK ROUND
143A,3L GLASS RACK ROUND
152A,2L GLASS RACK TRIANGLE
153A,3L GLASS RACK TRIANGLE
153B,3L TINTED GLASS RACK TRIANGLE
162B,2L TINTED GLASS RACK HEART
172A,2L GLASS RACK PEAR
173A,3L GLASS RACK PEAR
182A,2L GLASS RACK APPLE
183A,3L GLASS RACK APPLE
A101-2,40x60 FOLDING TABLE
A102-1,40x80 FOLDING TABLE
A103-1,60x60 FOLDING TABLE
A104-1,70x70 FOLDING TABLE
HK312,312 BABY TRICYCLE STROLLER
LT518,518 BABY STROLLER
SBL180,I80 BABY STROLLER w/ HOOD
SBL3105,3105 BABY TRICYCLE STROLLER
SBL902,902 BABY STROLLER
84014,14CM STRAINER
84016,16CM STRAINER
84018,18CM STRAINER
84020,20CM STRAINER
81318,STRAINER SET 6/8/10 CM
72525,BARBEQUE STICK 2.5x2.5CM
73031,BARBEQUE STICK 3.0x3.0CM
77127,REGULATOR
77010,RECTANGULAR BBQ.PAN
77100,1010B ELECTRIC SINGLE COIL PLATE
77200,2020B ELECTRIC DOUBLE COIL PLATE
20503,SB-3 MULTI STORAGE BOX 
20504,SB-4 MULTI STORAGE BOX 
20505,SB-5MULTI STORAGE BOX 
20506,SB-6 MULTI STORAGE BOX 
59501,STEEL NET 119x60
59502,STEEL NET 119x30
59503,STEEL NET 119x46
59504,STEEL NET 119x15
59505,STEEL NET 100x60
59506,STEEL NET 84x46
59507,STEEL NET 84x32
92335,1335 MULTIFUNCTION SOLAR LIGHTING SYSTEM AM/FM
92350,1350 MULTIFUNCTION SOLAR LIGHTING SYSTEM AM/FM
92501,1501 MULTIFUNCTION SOLAR LIGHTING SYSTEM AM/FM
98010,SOLAR PANEL 10W
98020,SOLAR PANEL 20W
98030,SOLAR PANEL 30W
98040,SOLAR PANEL 40W
98050,SOLAR PANEL 50W
98066,8066 SOLAR LIGHTING SYSTEM
98080,SOLAR PANEL 80W
98100,SOLAR PANEL 100W
98101,SILICON SOLAR PV MODULE 30W
98102,SILICON SOLAR PV MODULE 40W
98103,SILICON SOLAR PV MODULE 50W
98104,SILICON SOLAR PV MODULE 70W
98105,SILICON SOLAR PV MODULE 80W
98106,SILICON SOLAR PV MODULE 100W
98107,SILICON SOLAR PV MODULE 120W
98108,SILICON SOLAR PV MODULE 150W
98109,SILICON SOLAR PV MODULE 350W
98110,SILICON SOLAR PV MODULE  200W
98111,SILICON SOLAR PV MODULE 250W
98112,SILICON SOLAR PV MODULE 300W
98120,SOLAR PANEL 120W
98150,SOLAR PANEL 150W
98201,10W SOLAR PANEL
98202,20W SOLAR PANEL
76357,367 SOAP CASE W/ DESIGN
79062,550ML SPERKWASH DISHWASHING LIQUID CALAMANSI
79055,550ML SPERKWASH DISHWASHING LIQUID LEMON
79024,270ML SPERKWASH DISHWASHING LIQUID CALAMANSI
79017,270ML SPERKWASH DISHWASHING LIQUID LEMON
S203,550ML KITWASH DISHWASHING LIQUID CALAMANSI
S204,550ML KITWASH DISHWASHING LIQUID LEMON
S205,370ML KITWASH DISHWASHING LIQUID CALAMANSI
S206,370ML KITWASH DISHWASHING LIQUID LEMON
S401,1100ML SKY BLUE LIQUID DETERGENT
S402,1100ML LIGHT PINK LIQUID DETERGENT
S403,550ML SKY BLUE LIQUID DETERGENT
S404,550ML LIGHT PINK LIQUID DETERGENT
S405,270ML SKY BLUE LIQUID DETERGENT
S406,270ML LIGHT PINK LIQUID DETERGENT
S501,550ML SAGE TOILET BOWL CLEANER (ANTIBAC)
S502,550ML SAGE TOILET BOWL CLEANER (LEMON)
26004,PLACENTA SOAP
H5915,50ML DISHWASHING LIQUID LEMON
H5922,50ML DISHWASHING LIQUID CALAMANSI
HO711,250ML DISHWASHING LIQUID STRAWBERRY
HO728,250ML DISHWASHING LIQUID GREEN APPLE
HO735,250ML DISHWASHING LIQUID OXI POWER
HO742,250ML DISHWASHING LIQUID ORANGE
HO759,250ML DISHWASHING LIQUID CALAMANSI
HO766,250ML DISHWASHING LIQUID LEMON
H9548,50 GRAMS DETERGENT POWDER CALAMANSI
H9760,50 GRAMS DETERGENT POWDER W/ FABCON
H9555,50 GRAMS DETERGENT POWDER FLORAL
H9876,1KILO DETERGENT POWDER OXI CLEAN
H9777,1KILO DETERGENT POWDER FABCON
H9791,1KILO DETERGENT POWDER COLOGNE FRESH
H9517,1KILO DETERGENT POWDER CALAMANSI SCENT
H9562,1KILO DETERGENT POWDER FLORAL SCENT
H8068,55ML HAND SOAP FOREST & YLANG-YLANG
H8282,55ML HAND SOAP SKY & BLOSSOM
H8527,55ML HAND SOAP AMETHYST & LAVANDER
H9227,55ML HAND SOAP CHERRY & DAISY
H9234,55ML HAND SOAP LEMON & SUNFLOWER
H8558,500ML HAND SOAP AMETHYST & LAVANDER
H8039,500ML HAND SOAP CHAMPAGNE & ROSE
H9326,500ML HAND SOAP LEMON & SUNFLOWER
H8022,500ML HAND SOAP FOREST & YLANG-YLANG
H7056,500ML HAND SOAP SKY & BLOSSOM
H9319,500ML HAND SOAP CHERRY & DAISY
27624,STAINLESS SINK 16X24
27420,STAINLESS SINK 14X20
32005,5 LAYER SHOE RACK
33003,3LAYER SHOERACK
33004,4LAYER SHOE RACK
33005,5LAYER SHOE RACK
37004,FD4 SHOE RACK 4LAYER
37005,FD5 SHOE RACK 5LAYER
38004,G4 SHOE RACK 4LAYER
38005,G5 SHOE RACK 5LAYER
D5-4L,62X54X19CM SHOE RACK 4L
76117,SPONGE PAD
H208,STEEL WOOL
51004,"DOUBLE PURPOSE PHILLIP SCREWDRIVER 4"""
51006,"DOUBLE PURPOSE PHILLIP SCREWDRIVER 6"""
51008,"DOUBLE PURPOSE PHILLIP SCREWDRIVER 8"""
55041,41 PIECE BIT & SOCKET SET
80509,6654-9 SCISSOR W/ BOTTLE OPENER
81340,K-024 ALL PURPOSE SCISSOR
87006,STAINLESS SCISSOR UBS HANDLE
88125,MINI COLORFUL SCISSOR 5CM
88504,MINI COLORFUL SCISSOR 4CM
88603,MINI COLORFUL SCISSOR 6CM
52110,50KG FLAT WEIGHING SCALE
52111,100KG FLAT WEIGHING SCALE
52010,10kg WEIGHING SCALE
75216,40x45CM SAKOBAG
75217,45x50CM SAKOBAG
75218,50x55CM SAKOBAG
75219,55x65CM SAKOBAG
75220,60x70CM SAKOBAG
32540,ECOBAG 24x40 CM
32632,ECOBAG 26x32 CM
33050,ECOBAG 30x50 CM
33240,ECOBAG 32x40 CM
33260,ECOBAG 32x60 CM
33545,ECOBAG 35X45 CM
11303,RUBBER ANIMAL W/ WHEELS
DC3,3L DC12V RICE COOKER
DC4,4L DC12V RICE COOKER
DC5,5L DC12V RICE COOKER
AL568,AL568 RECHARGEABLE MOTOR (MINIONS)
LBE518,518-2 RECHARGEABLE MOTOR
LL999,RECHARGEABLE POLICE MOTOR
SH3156,RECHARGEABLE MOTOR 
SH61118,RECHARGEABLE MOTOR 
SH6688,RECHARGEABLE MOTOR  (MICKEY MOUSE)
SH6699,6699 RECHARGEABLE MOTOR
SH9188,RECHARGEABLE MOTOR 
SHTL1358,#1358 RECHARGEABLE MOTOR
SHTL1389,1389 RECHARGEABLE MOTOR
SHTL188,# 188 RECHARGEABLE MOTOR
SHTL206,206 RECHARGEABLE MOTOR
SHTL2188,#2188 RECHARGEABLE MOTOR
SHTL3188,3188 RECHARGEABLE MOTOR
SHTL5688,5688 RECHARGEABLE MOTOR
SHTL6188,6188 RECHARGEABLE MOTOR(HELLO KITTY)
SHTL9688,#9688 RECHARGEABLE MOTOR
SHTL988,#T988 RECHARGEABLE MOTOR
XY803,RECHARGEABLE MOTOR (HAPPY)
10898,H-898 RAIN COAT CAMOUFLAGE
10909,H-909 RAIN COAT CAMOUFLAGE
10998,RAINCOAT
19012,RAINCOAT W/ FRONT&BACK REFLECTOR
91705,BATTERY CLIP W/ PVC INSULATION
91706,BATTERY CLIP W/ PVC INSULATION
91707,BATTERY CLIP W/ PVC INSULATION
91709,3.5MM-2R  JACK
96101,300W POWER INVERTER DC12V TO AC220V 
96102,500W POWER INVERTER DC12V TO AC220V 
96103,800W POWER INVERTER DC12V TO AC220V 
96104,1000W POWER INVERTER DC12V TO AC220V 
96601,10A SOLAR CHARGE CONTROLLER
96602,20A SOLAR CHARGE CONTROLLER
96603,30A SOLAR CHARGE CONTROLLER
96604,40A SOLAR CHARGE CONTROLLER
96605,50A SOLAR CHARGE CONTROLLER
96606,60A SOLAR CHARGE CONTROLLER
96610,SOLAR CHARGE CONTROLLER 10A
96611,SOLAR CHARGE CONTROLLER 10A HSSC02
96720,SOLAR CHARGER CONTROLLER 20A/12V
96730,SOLAR CHARGE CONTROLLER 30A/12V
96750,SOLAR CHARGE CONTROLLER 50A CM
96760,SOLAR CHARGE CONTROLLER 60A/12V
80024,S/S LID HANDLE SMALL 12'S
84316,S/S CASSEROLE #A413 16CM
84320,S/S CASSEROLE #A413 20CM
84322,S/S CASSEROLE #A413 22CM
84324,S/S CASSEROLE #A413 24CM
LI-909,LION PLAYING CARDS
82009,"9"" PLASTIC PLATE ROUND (SHELL)"
40804,PHOTO ALBUM 225 X 280MM 20 SHEETS
40806,PHOTO ALBUM 145MM X 185MM 10 SHEETS
40905,PHOTO ALBUM 180MM X 245MM 10 SHEETS
46111,6111 PHOTO ALBUM
46273,3+PHOTO ALBUM W/ BOX 13X18CM 200 PHOTOS
46609,PHOTO ALBUM 4X6 W/ BOX 80 SHEETS
48193,PHOTO ALBUM W/BOX 5X7 200 PHOTOS
49043,PHOTO ALBUM 4X6 W/ BOX 80 SHEETS
49076,PHOTO ALBUM 4X6 W/ BOX 80 SHEETS
HJN16,30ML SPRAY PERFUME - JASMINE NIGHT
HIK15,30ML SPRAY PERFUME - ISLAND KISS
HPA13,30ML SPRAY PERFUME - PEARL ANGEL
HVS12,30ML SPRAY PERFUME - VERY SEXY
HF11,30ML SPRAY PERFUME - FANTASY
HCW10,30ML SPRAY PERFUME COOL WATER (MEN)
HDG06,30ML SPRAY PERFUME - D&G LIGHT BLUE
HEM05,30ML SPRAY PERFUME - ENVY ME
HR03,30ML SPRAY PERFUME - RALPH
HCW02,30ML SPRAY PERFUME - COOL WATER (WOMEN)
HD006,10ML ROLL-ON PERFUME D&G L. BLUE
28038,38CM PAN COVER
28040,40CM PAN COVER
52301,ODO 30MM SHORT PADLOCK
52302,ODO 30MM LONG PADLOCK
52401,ODO 40MM SHORT PADLOCK
52402,ODO 40MM LONG PADLOCK
52501,ODO 50MM SHORT PADLOCK
52502,ODO 50MM LONG PADLOCK
52601,ODO 60MM SHORT PADLOCK
52602,ODO 60MM LONG PADLOCK
53401,ODO 40MM SHORT PADLOCK
53501,ODO 50MM SHORT PADLOCK
53601,ODO 60MM SHORT PADLOCK
53701,ODO70MM SHORT PADLOCK
52363,363 ODO 32MM GREEN PADLOCK
52364,364 ODO 38MM GREEN PADLOCK
52365,365 ODO 50MM GREEN PADLOCK
52366,366 ODO 63MM GREEN PADLOCK
22250,225M PACKING TAPE CLEAR
22251,225M PACKING TAPE TAN
709,SMALL COFEE MUG
802,SMALL COFEE MUG
7182,"MUG PLAIN ""BROWN"""
7191,"MUG PLAIN ""BROWN"""
61047,WHITE COFEE MUG
61501,GLASS TUMBLER W/DESIGN
61502,MUG W/ DESIGN SMALL
61503,MUG W/ DESIGN
62350,350ML THERMOS MUG
62500,500ML THERMOS MUG
JY802,"MUG PLAIN ""BROWN"""
72215,A215 MOP 300G
72505,STAINLESS MOP 500G
72507,TPB057 STAINLESS MOP 400G
73605,A2605 MOP 400G
79525,#9525 MOP 350G
40081,A081  SQUARE  TABLE MIRROR W/ BEADS
40091,09 22CM ROUND TABLE MIRROR W/ BEADS
40092,09A 20CM ROUND TABLE MIRROR W/ BEADS
40093,09B 17CM ROUND TABLE MIRROR W/ BEADS
40094,09C 15CM ROUND TABLE MIRROR W/ BEADS
40095,09E 12CM ROUND TABLE MIRROR W/ BEADS
40343,RECTANGULAR HANDHELD MIRROR W/ STAND
41168,168 ROUND TABLE MIRROR
59390,3M/10 STEEL TAPE
59590,5M/16 STEEL TAPE
59790,7.5M/25 STEEL TAPE
HX2008,WATER PROOF INK MARKER
JB22362,TWIN COLOR HIGHLIGHTER 6's
43010,MAGNET CLEAR 10'S
72090,LIFE SAVER ( SALBABIDA ) 90CM
72184,5118  SWIMMING GOGGLES
72193,2009-3 SNORKEL SET
72280,SETA SNORKEL SET
71195,#95 WOODEN KNIFE HOLDER
20113,S/S LADDLE PLASTIC HANDLE #3
20114,S/S LADDLE PLASTIC HANDLE #4
20115,S/S LADDLE PLASTIC HANDLE #5
20116,S/S LADDLE PLASTIC HANDLE #6
80148F,THICK FORK
801381,THIN SPOON 138S
801382,THIN FORK 138F
802321,THIN SPOON 32S
802322,THIN FORK 32F
72219,PLASTIC RICE SPATULA (CLEAR)
72230,E6 PLASTIC RICE SPATULA
HK303,"C-303 KIDDIE CAR ""DISNEY"""
HK603,YT-603 SWING CAR
HK6085,608-5 SWING CAR
HK8801,8801 SWING CAR
QA806,SWING CAR
HK206,206 SWING CAR
SH8886,RECHARGEABLE CAR
SHTL8888,7788 RECHARGEABLE DANCING CAR
20400,S/S KETTLE V ONE 4L
77015,1.5L ELECTRIC KETTLE
77018,1.8L ELECTRIC KETTLE
74612,IRONING BOARD MEDIUM
27004,JINMA INSECT SPRAY KILLER LEMON
27005,INSECT KILLER
S601,BLACK TIGER INSECT SPRAY ORANGE
92416,ELECTRIC INSECT KILLER 204-16W
92420,ELECTRIC INSECT KILLER 204-20W
12038A,SMART BALANCE WHEEL
12038B,SMART BALANCE WHEEL
27450,16X24 FITTING HOSE
23312,HEATING CUP 12CM S/S COVER
23412,HEATING CUP 12CM GLASS COVER
23314,HEATING CUP 14CM S/S COVER
23414,HEATING CUP 14CM GLASS COVER
20779,UMBRELLA HANGER ROUND 54CM
70101,SKIRT HANGER STAINLESS 31.5CM
70102,WOOD SKIRT HANGER
71002, HANGER STAINLESS 40.5CM
76604,HANGER L 41.5 CM
76606,HANGER M 38.5CM
76607,HANGER S 37CM
78009,ROUND CLIP HANGER
55410,16OZ HAMMER
57001,150MM GRINDSTONE HAMBURG
57002,150MM GRINDSTONE  SATO
57003,150MM GRINDSTONE  GC
57004,150MM GRINDSTONE JACKSON
57005,150MM GRIND STONE ROUND
57006,150MM GRINDSTONE COMBINATION
77009,VEGETABLE CUTTER SET W/ HOLDER
79100,3 BLADES GRATER
80685,PEELER LONG
70011,COTTON GLOVES
70012,CONSTRUCTION GLOVES RED
70015,WASHING GLOVES RUBBER
70016,"RUBBER GLOVES ""GREEN"""
70019,"RUBBER GLOVES ""BLUE"""
70020,"RUBBER GLOVES ""ORANGE"""
70130,1.3 8288 GAFF
70160,1.6 8289 GAFF
82020,20CM NON-STICK FRYING PAN
82022,22CM NON-STICK FRYING PAN
82024,24CM NON-STICK FRYING PAN
82026,26CM NON-STICK FRYING PAN
82028,28CM NON-STICK FRYING PAN
82030,30CM NON-STICK FRYING PAN
88034,34CM NON-STICK FRYING PAN BLACK
88036,34CM NON-STICK FRYING PAN COLORED
91026,30CM THIN FRYING PAN DOUBLE HANDLE
91027,33CM THIN FRYING PAN DOUBLE HANDLE
41009,PICTURE FRAME RED FLOWER BORDER 3x5
41010,PICTURE FRAME RED FLOWER BORDER 4x6
41011,PICTURE FRAME RED FLOWER BORDER 5x7
41012,PICTURE FRAME RED FLOWER BORDER 6x8
41013,PICTURE FRAME RED FLOWER BORDER 8x10
41015,PICTURE FRAME W/ FLOWER DESIGN 3x5
41016,PICTURE FRAME W/ FLOWER DESIGN 4x6
41017,PICTURE FRAME W/ FLOWER DESIGN 5x7
41018,PICTURE FRAME W/ FLOWER DESIGN 6x8
41019,PICTURE FRAME W/ FLOWER DESIGN 8x10
41020,PICTURE FRAME W/ DOT BORDER 3x5
41021,PICTURE FRAME W/ DOT BORDER 4x6
41022,PICTURE FRAME W/ DOT BORDER 5x7
41023,PICTURE FRAME W/ DOT BORDER 6x8
41024,PICTURE FRAME W/ DOT BORDER 8x10
41025,PICTURE FRAME PLAIN 3.5x5
41026,PICTURE FRAME PLAIN 4x6
41027,PICTURE FRAME PLAIN 5x7
41028,PICTURE FRAME PLAIN 6x8
41029,PICTURE FRAME PLAIN 8x10
41034,"PICTURE FRAME 3.5""x 5"" "
41035,"PICTURE FRAME 4""x 6"" "
41036,"PICTURE FRAME 5""x 7"" "
41037,"PICTURE FRAME 6""x 8"" "
41038,"PICTURE FRAME 8""x 10"" "
41048,HORIZONTAL CERTIFICATE FRAME
41049,VERTICAL CERTIFICATE FRAME
41055,MD8260 WOOD FRAME 3x5
41056,MD8260 WOOD FRAME 4x6
41057,MD8260 WOOD FRAME 5x7
41058,MD8260 WOOD FRAME 6x8
41059,MD8260 WOOD FRAME 8x10
41060,MD8260 WOOD FRAME 8x12
41061,MD8260 WOOD FRAME A4
41062,MD8260 WOOD FRAME 10x12
23427,#3427 CHAFING DISH SQUARE
23428,#3428 CHAFING DISH ROUND
23528,#3528 FOOD WARMER
24025,FOOD WARMER STAINLESS OVAL
24030,#4030 FOOD WARMER
20232,FOOD KEEPER 20x15x7CM SQUARE
20233,FOOD KEEPER RECTANGLE
20234,FOOD KEEPER RECTANGLE
20235,FOOD KEEPER RECTANGLE
20236,FOOD KEEPER RECTANGLE
20247,FOOD KEEPER ROUND
20248,FOOD KEEPER ROUND
23101,RECTANGULAR DOORMAT
23102,OBLONG DOORMAT
30011,1.2X15M CARPET
30012,90X15M CARPET
30821,#821B 38X58 DOORMAT
30822,#822C 58X78 DOORMAT
90021,FLASHLIGHT 2AAE1
90028,FLASHLIGHT HBJ2AAE8
90601,FLASHLIGHT 601
90799,EMERGENCY LIGHT 17 LED
92012,EMERGENCY LIGHT 1+24 LED
95560,2IN1 EMERGENCY LIGHT W/ FAN
98215,GD-215 HEAD LIGHT SMALL
99255,FLASHLIGHT 9255
OS2119,RECHARGEABLE FLASHLIGHT 15CM
OS2208,RECHARGEABLE FLASHLIGHT 13CM
OS2216,RECHARGEABLE FLASHLIGHT 16CM
OS3312,RECHARGEABLE FLASHLIGHT 16CMW/12 LED BULB
OS428,RECHARGEABLE LONG DISTANCE HEAD LAMP 1W
OS511,RECHARGEABLE LONG HEAD LAMP 5W
OS519,8+1 RECHARGEABLE HEAD LAMP 5W
OS6116-1,HEAD LAMP
OS6223,RECHARGEABLE LONG DISTANCE HEAD LAMP 5W
OS6755,RECHARGEABLE LONG DISTANCE HEAD LAMP 3W
OS808,RECHARGEABLE FLASHLIGHT 21CM
OS811,RECHARGEABLE FLASHLIGHT 23CM
OS855,RECHARGEABLE FLASHLIGHT 20CM
OS884,RECHARGEABLE FLASHLIGHT 20CM
OS8901,RECHARGEABLE  PORTABLE LAMP 15CM
OS8912,2IN1 PORTABLE LAMP 16CM
OS9914,RECHARGEABLE FLASHLIGHTW/14 LED BULB
WD21,12V LED HEAD LIGHT
OS733,
52415,S/S FAUCET - TWO WAY VALVE (FLOWER HANDLE)
52416,S/S FAUCET- TWO WAY VALVE (ROUND HANDLE)
52420,S/S FAUCET
53413, FAUCET
53414,FAUCET
20900,MINI FAN900MM
92206,ELECTRIC FAN 16 12V
92207,SOLAR WALL FAN
99505,FC-500 5 ELECTRIC FAN
99704,FC-700 4 ELECTRIC FAN
99705,FC-700 5 ELECTRIC FAN
99904,FC-900 4 ELECTRIC FAN
99905,FC-900 5 ELECTRIC FAN
70301,301 STAINLESS STEEL DUSTPAN
82087,18MM 1PC. CUTTER W/BLADE
76011,COTTON BUDS ROUND
76012,COTTON BUDS ROUND COLORED
20102A,102 A CLIP A
20103A,102 A CLIP A
20737A,737 A JUMBO CLIP
20738A,737 A JUMBO CLIP
20738B,737 B JUMBO CLIP
CT270,GARLAND LANCIP 2M
CT1060,PINE CHRISTMAS TREE 60CM
CT1090,PINE CHRISTMAS TREE 90CM
CT2060,PINE 2 COLOR CHRISTMAS TREE 60CM
CT2090,PINE 2 COLOR CHRISTMAS TREE 90CM
CT3060,GARLAND CHRISTMAS TREE 60CM
CT3090,GARLAND CHRISTMAS TREE 90CM
CT3120,GARLAND CHRISTMAS TREE 120CM
CT3150,GARLAND CHRISTMAS TREE 150CM
CT3180,GARLAND CHRISTMAS TREE 180CM
CT3210,GARLAND CHRISTMAS TREE 210CM
72030,CHOPPING BOARD BAMBOO STRIPE 20x30CM
72232,CHOPPING BOARD BAMBOO STRIPE 22x32CM
72636,CUTTING BOARD BAMBOO STRIPE 26x36CM
76807,CHOPPING BOARD W/ KNIFE
78115,"COLOURED CHOPPING BOARD THICK ""S"
78204,BIG CHOPPING BOARD THICK
78806,"CUTTING BOARD COLORED ""VEGETABLE"""
60415,4-15 MINI STOOL
95508,DIGITAL VIDEO RECORDER DIY 8 CHANNEL
95503,6680 IP CAMERA
95505,1177 SONY 2.OMP IP CAMERA
TK2028,MONEY DETECTOR
UV0288,UV/MG HIGH QUALITY BILL COUNTER
UV0688,BILL COUNTER
HHOK1000,PORTABLE BANKNOTE COUNTER
50001,53 BGX-M/D SAFETY DEPOSIT BOX SLOT ON TOP
50002,53 BGX-M/D SAFETY DEPOSIT BOX SLOT ON FRONT
50003,63 BGX-M/D SAFETY DEPOSIT BOX SLOT ON FRONT
50004,53 BGX-M/D SAFETY DEPOSIT BOX
50005,63 BGX-M/D SAFETY DEPOSIT BOX
50006,100 BGX-M/D SAFETY DEPOSIT BOX
50007,100S BGX-M/D SAFETY DEPOSIT BOX 2 DOOR
50008,120 BGX-M/D SAFETY DEPOSIT BOX
50010,230 SAFETY DEPOSIT BOX HOTEL STYLE
50013,73BGX-MD SAFETY DEPOSIT BOX
66301,301-1 SPICE HOLDER
69603,CANISTER 4IN1
72862,LI-041 BOTTLE & CAN OPENER
72863,FI-002 CAN& BOTTLE OPENER
72864,B-02 CAN & BOTTLE OPENER
90002,"ELECTRICAL WIRE  2x1"""
90003,"ELECTRICAL WIRE  2x1.5"""
90006,"RED/BLACK HOOKUP WIRE 12VDC 2x1.5"""
1397,CLOTH CABINET
2100,CLOTH CABINET
34001,CLOTH CABINET 2110C
34002,CLOTH CABINET BL-135
34003,CLOTH CABINET BL-125
34006,CLOTH CABINET 2120C
34009,CLOTH CABINET BS-135
76106,CLOTH CABINET 
3AA ,S/S GLASS RACK  3 LAYER
3.00E+01,DRAWER CABINET 1DOOR 2LAYER
3.00E+02,DRAWER CABINET 2DOOR 2LAYER
4.00E+03,S/S RACK CLOSET 43x22.5x41CM
A106,CLOTH CABINET
B128,CLOTH CABINET
28003,LED BULB 3W
28005,LED BULB 5W
91100,LED TUBE 100CM W/ ALLIGATOR CLIP
91118,ONE T8  LED TUBE 18W120
91120,T8 220V120W LED TUBE
91123,LED BULB 12V3W
91125,LED BULB 12V5W
91127,LED BULB 12V7W
91129,LED BULB 12V9W
91160,T8 220V60W LED TUBE
91203,LED BULB 12V-1W
91205,LED BULB 12V-2W
91207,LED BULB 12V-3W
91209,LED BULB 12V-5W
91212,LED BULB 12V-7W
91216,ONE T8  LED TUBE 9W60
91218,ONE T8  LED TUBE 18W120
91230,LED BULB 12V-3W
91250,LED BULB 12V-5W
91270,LED BULB 12V-7W
91290,LED BULB 12V-9W
91292,LED BULB 12V-12W
91303,LED BULB DC-12 3W
91305,LED BULB DC-12 5W
91316,ONE T5  LED TUBE 9W60
91318,ONE T5  LED TUBE 18W120
91403,LED BULB 12V E27 3W
91405,LED BULB 12V E27 5W
91406,T8  LED TUBE HOLDER 60
91412,T8  LED TUBE HOLDER 1.2
91413,LED BULB DC-12V 3W PL
91415,LED BULB DC-12V 5W PL
91505,LED BULB W/ COLOR 5W
91525,SFLS-5624 LED STRIP 12V25CM
91550,SFLS-5636 LED STRIP 12V-50CM
91815,OSONI LED BULB 15W
91826,INTEGRATED SOLAR STREET LIGHT 6W
91829,INTEGRATED SOLAR STREET LIGHT 9W
91903,3W LED LIGHT
91905,5W LED LIGHT
91907,7W LED LIGHT
91909,9W LED LIGHT
92010,LED OUTDOOR LIGHT 10W
92020,LED OUTDOOR LIGHT 20W
92030,LED OUTDOOR LIGHT 30W
92055,LED OUTDOOR LIGHT 50W
92070,LED FLOOD LIGHT 70W
92100,LED OUTDOOR LIGHT 100W
92110,LED FLOOD LIGHT 10W
92120,LED FLOOD LIGHT 20W
92130,LED FLOOD LIGHT 30W
92150,LED FLOOD LIGHT 50W
92210,LED FLOOD LIGHT DC 12V10W
92220,LED FLOOD LIGHT DC 12V20W
92230,LED FLOOD LIGHT DC 12V30W
92250,LED FLOOD LIGHT DC 12V50W
92705,SPOTLIGHT DC12V5W
92709,SPOTLIGHT DC12V9W
94005,5W EMERGENCY LIGHT SOURCE BULB
94007,7W EMERGENCY LIGHT SOURCE BULB
94009,9W EMERGENCY LIGHT SOURCE BULB
94012,12W EMERGENCY LIGHT SOURCE BULB
94105,5W  LED BULB
94107,7W  LED BULB
94109,9W  LED BULB
94112,12W LED BULB
OS203,"LED PANEL LIGHT ""ROUND"" 3W"
OS204,"LED PANEL LIGHT ""ROUND"" 4W"
OS206,"LED PANEL LIGHT ""ROUND"" 6W"
OS209,"LED PANEL LIGHT ""ROUND"" 9W"
OS212,"LED PANEL LIGHT ""ROUND"" 12W"
OS215,"LED PANEL LIGHT ""ROUND"" 15W"
OS218,"LED PANEL LIGHT ""ROUND"" 18W"
OS224,"LED PANEL LIGHT ""ROUND"" 24W"
OS303,"LED PANEL LIGHT ""SQUARE"" 3W"
OS304,"LED PANEL LIGHT ""SQUARE"" 4W"
OS306,"LED PANEL LIGHT ""SQUARE"""" 6W"
OS309,"LED PANEL LIGHT ""SQUARE"""" 9W"
OS312,"LED PANEL LIGHT ""SQUARE"""" 12W"
OS3120,"LED CEILING ""FLAT"" 300x1200"
OS315,"LED PANEL LIGHT ""SQUARE"""" 15W"
OS318,"LED PANEL LIGHT ""SQUARE"""" 18W"
OS324,"LED PANEL LIGHT ""SQUARE"""" 24W"
OS330,"LED CEILING ""FLAT"" 300x300"
OS336,"LED CEILING ""FLAT"" 300x600"
OS366,"LED CEILING ""FLAT"" 600x600"
30152,TOILET BRUSH DOUBLE SIDED W/ WHITE
70017,CLOTH BRUSH THIN BIG
70042,BIG YELLOW BRUSH 17CM
70044,BIG YELLOW BRUSH 18CM
70053,BIG MULTI COLOR BRUSH 18CM
70414,SMALL MULTI COLOR BRUSH 10CM
70558,CLOTH BRUSH TRANSPARENT
70587,CLOTH BRUSH OVAL
70716,PUSH BRUSH 3 COLORS
71260,CLOTH BRUSH THICK BIG
71261,"CLOTH BRUSH ""8"" SHAPE"
71599,FURNITURE BRUSH 35CM
72083,BIG TOILET BRUSH W/ HOLDER
72084,SMALL TOILET BRUSH W/ HOLDER
72118,PUSH BRUSH 3 COLOR
72178,2178 PUSH BRUSH
72317,317 SMALL TOILIET  BRUSH W/ HOLDER
72329,2329 BIG TOILET BRUSH W/ HOLDER
72699,OVAL CLOTH BRUSH
72921,RECTANGULAR TOILET BRUSH (WOOD HANDLE)
73017,CLOTH BRUSH W/ HANDLE
73038,FURNITURE BRUSH WHITE HANDLE
73113,CLOTH BRUSH
73115,315 PUSH BRUSH
73138,313B PUSH BRUSH
75509,5509 PUSH BRUSH
77188,1 COLOR BRUSH
78046,8046 TOILET BRUSH w/ HOLDER (BIG)
78048,8048 TOILET BRUSH w/ HOLDER (SMALL)
78216,DOUBLE SIDED TOILET BRUSH
78818,DOUBLE SIDED TOILET BRUSH S/S HANDLE
79066,1 COLOR RUBBERIZED BRUSH
78131A,ROUND TOILET BRUSH 51CM
78131B,RECTANGULAR TOILET BRUSH
72058,2058-2 BROOM W/ DUSTPAN
78688,8688 BROOM W/ DUSTPAN
79288,9288 BROOM W/ DUSTPAN
30152,COTTON BLANKET
31152,COTTON BLANKET THICK
31630,630G 1.5M COTTON BLANKET 
40112,"12"" #401 BICYCLE "
40114,"14"" #401 BICYCLE"
40116,"16"" #401 BICYCLE"
40613,"12"" #406 BICYCLE"
40614,"14"" #406 BICYCLE"
40616,"16"" #406 BICYCLE"
40912,12' #409 BICYCLE
40914,"14"" #409 BICYCLE"
40916,"16"" #409 BICYCLE"
41612,"12"" #016 BICYCLE"
41614,"14"" #016 BICYCLE"
41616,"16"" #016 BICYCLE"
92049,"YF049-12"" BICYCLE"
92053,"YF053-12"" BICYCLE"
92054,"YT054-12"" BICYCLE"
94049,"YF049-14"" BICYCLE"
94050,"YT050-14"" BICYCLE"
94053,"YF053-14"" BICYCLE"
94054,"YT054-14"" BICYCLE"
96049,"YF049-16"" BICYCLE"
96050,"YT050-16"" BICYCLE"
96053,"YF053-16"" BICYCLE"
96054,"YT054-16"" BICYCLE"
BR6920,"20"" #69 BICYCLE"
BR2018,"18"" #2000 BICYCLE"
BR2020,"20"" #2000 BICYCLE"
BR2400,"24""  BICYCLE W/ COLORED WHEELS"
BR2600,"24"" MOUNTAIN BIKE"
BR63820,"20"" #638 BMX BIKE"
HK5016,#5016 SCOOTER
50079,KINGEVER BATTERY 3A
20061,S/S BASIN 60CM
20070,S/S BASIN 70CM
20071,S/S BASIN 70CM (M)
HK813,BABY WALKER
55409,2LB AX
55035,BIG FOOT PUMP COLORED
